{
    "Ele25_eta2p1_WPTight_Gsf": {
        "pt_ratio": {
	    "pt:[ 25.0 , 28.0 ]": {
		"value": 0.875134734531 ,
		"error": 0.0970311173705
	    },
	    "pt:[ 28.0 , 30.0 ]": {
	    	"value": 0.70043584467 ,
	    	"error": 0.0198827497269
	    },
	    "pt:[ 30.0 , 32.0 ]": {
 	    	"value": 0.777762058767 ,
	    	"error": 0.0220716807252
	    },
	    "pt:[ 32.0 , 34.0 ]": {
	    	"value": 0.858976357793 ,
	    	"error": 0.0210526150431
	    },
	    "pt:[ 34.0 , 36.0 ]": {
	    	"value": 0.925634325191 ,
            	"error": 0.0220798984235
	    },
	    "pt:[ 36.0 , 38.0 ]": {
	    	"value": 0.943293985162 ,
    	    	"error": 0.0220408481019
	    },
	    "pt:[ 38.0 , 40.0 ]": {
	    	"value": 0.948976303709 ,
	    	"error": 0.0229941001645
   	    },
	    "pt:[ 40.0 , 42.0 ]": {
	    	"value": 0.97899009702 ,
	    	"error": 0.0227565123661
	    },
	    "pt:[ 42.0 , 44.0 ]": {
	    	"value": 0.987504001381 ,
	    	"error": 0.0225133692069
	    },
	    "pt:[ 44.0 , 46.0 ]": {
	    	"value": 0.990755581418 ,
	    	"error": 0.0225664272229
	    },
	    "pt:[ 46.0 , 48.0 ]": {
	    	"value": 0.98993643941 ,
	    	"error": 0.0240035066174
	    },
	    "pt:[ 48.0 , 50.0 ]": {
	    	"value": 0.992212341276 ,
	    	"error": 0.0228340055871
	    },
	    "pt:[ 50.0 , 55.0 ]": {
	    	"value": 0.983659735993 ,
	    	"error": 0.0226341392589
	    },
	    "pt:[ 55.0 , 60.0 ]": {
	        "value": 0.993592325135 ,
	        "error": 0.0228187360496
	    },
	    "pt:[ 60.0 , 65.0 ]": {
	    	"value": 0.999325061664 ,
	    	"error": 0.0240214249375
	    },
	    "pt:[ 65.0 , 70.0 ]": {
	        "value": 0.983463277603 ,
	        "error": 0.0246462266258
	    },
	    "pt:[ 70.0 , 80.0 ]": {
	    	"value": 0.989997780466 ,
	    	"error": 0.029326059171
	    },
	    "pt:[ 80.0 , 90.0 ]": {
	    	"value": 0.986372293297 ,
	    	"error": 0.0256357151607
	    },
	    "pt:[ 90.0 , 100.0 ]": {
	    	"value": 0.982648600639 ,
	    	"error": 0.0264032344085
	    },
	    "pt:[ 100.0 , 120.0 ]": {
	    	"value": 0.996156779695 ,
	    	"error": 0.0246537868609
	    },
	    "pt:[ 120.0 , 200.0 ]": {
	    	"value": 0.979605206544 ,
	    	"error": 0.0238476994468
	    }
    	}
    }
}
