{
    "Tight": {
	"pt_ratio": {
	    "eta:[ -2.5 , -2 ]": {
	    	"value": 0.98543047905 ,
	    	"error": 0.0315700185738
	    },
	    "eta:[ -2 , -1.566 ]": {
	    	"value": 0.991116762161 ,
	    	"error": 0.0180784434886
	    },
	    "eta:[ -1.566 , -1.444 ]": {
		"value": 1.0 ,
		"error": 1.0
	    },
	    "eta:[ -1.444 , -0.8 ]": {
		"value": 0.968019664288 ,
		"error": 0.0163551127154
	    },
	    "eta:[ -0.8 , 0 ]": {
		"value": 0.949382722378 ,
		"error": 0.0110169083484
     	    },
	    "eta:[ 0 , 0.8 ]": {
		"value": 0.977528095245 ,
		"error": 0.0110169083484
	    },
	    "eta:[ 0.8 , 1.444 ]": {
		"value": 0.973977684975 ,
		"error": 0.0163551127154
	    },
	    "eta:[ 1.444 , 1.566 ]": {
		"value": 1.0 ,
		"error": 1.0
	    },
	    "eta:[ 1.566 , 2 ]": {
	    	"value": 0.97861635685 ,
		"error": 0.0180784434886
	    },
	    "eta:[ 2 , 2.5 ]": {
		"value": 0.958602845669 ,
		"error": 0.0315700185738
	    }
	}
    }
}
