{
    "Tight": {
        "pt_ratio": {
            "pt:[25.0,30.0]": {
                "value": 0.9820805788040161,
                "error": 0.0006100770209407279
            },
            "pt:[30.0,40.0]": {
                "value": 0.9808197021484375,
                "error": 0.00022255881185997015
            },
            "pt:[60.0,120.0]": {
                "value": 0.9862238764762878,
                "error": 0.0013285605207680811
            },
            "pt:[120.0,200.0]": {
                "value": 1.0238358974456787,
                "error": 0.004378690171550443
            },
            "pt:[20.0,25.0]": {
                "value": 0.9908385276794434,
                "error": 0.0012595652121070791
            },
            "pt:[40.0,50.0]": {
                "value": 0.9809877872467041,
                "error": 0.0001858230695224074
            },
            "pt:[50.0,60.0]": {
                "value": 0.9782624244689941,
                "error": 0.0005920157222814469
            }
        }
    }
}
