{
  "SingleMuon_Run2016B_03Feb2017_ver2_v2_273150_275376": 5746.010293055, 
  "SingleMuon_Run2016C_03Feb2017_v1_275656_276283": 2572.903488748, 
  "SingleMuon_Run2016D_03Feb2017_v1_276315_276811": 4242.29155697, 
  "SingleMuon_Run2016E_03Feb2017_v1_276831_277420": 4024.469569586, 
  "SingleMuon_Run2016F_03Feb2017_v1_277932_278800": 2697.733204777, 
  "SingleMuon_Run2016F_03Feb2017_v1_278801_278808": 406.775913798, 
  "SingleMuon_Run2016G_03Feb2017_v1_278820_280385": 7575.824245326, 
  "SingleMuon_Run2016H_03Feb2017_ver2_v1_281613_284035": 8426.888355783, 
  "SingleMuon_Run2016H_03Feb2017_ver3_v1_284036_284044": 215.96528665
}